{"cameraMode":{"drawMode":0,"name":"Shaded","section":"Shading Mode"},"sceneLighting":true,"audioPlay":false,"sceneViewState":{"m_AlwaysRefresh":false,"showFog":true,"showSkybox":true,"showFlares":true,"showImageEffects":true,"showParticleSystems":true,"showVisualEffectGraphs":true,"m_FxEnabled":true},"in2DMode":false,"pivot":{"x":0.16521835327148438,"y":1.5320243835449219,"z":-1.0774927139282227},"rotation":{"x":-0.06465791910886765,"y":0.9184818863868713,"z":-0.16885340213775636,"w":-0.35170817375183108},"size":8.639503479003907,"orthographic":false}